name,email,gender
Tiffi,tkubasek0@blogs.com,Non-binary
Garrard,gmckea1@cloudflare.com,Genderqueer
Florrie,fsquibbes2@facebook.com,Male
Dorette,drolfe3@yellowbook.com,Male
Chastity,cpettican4@123-reg.co.uk,Agender
Monroe,mouslem5@yolasite.com,Polygender
Gail,gsutherington6@wufoo.com,Non-binary
Charleen,cloadman7@earthlink.net,Genderqueer
Harcourt,hcollingdon8@ovh.net,Non-binary
Elinore,epurchon9@umn.edu,Genderqueer
Claudette,cclemanceaua@free.fr,Male
Antonia,abodkerb@spiegel.de,Female
Neely,ntoomerc@tinypic.com,Male
Hanan,hrozzelld@cbc.ca,Non-binary
Winnie,wbenardete@miitbeian.gov.cn,Bigender
Archie,amccordf@guardian.co.uk,Female
Seward,sredhouseg@china.com.cn,Polygender
Hansiain,hbastimanh@flickr.com,Bigender
Dollie,dschinettii@spotify.com,Male
Katina,kvasilyonokj@yelp.com,Bigender
Mae,mslowleyk@msn.com,Bigender
Nicky,nkiessell@wikia.com,Genderfluid
Jeniece,jhutchencem@posterous.com,Male
Norris,nfraczkiewiczn@homestead.com,Bigender
Link,lsweetzero@reddit.com,Bigender
Harper,hrenneyp@parallels.com,Bigender
Waring,whalfacreeq@newyorker.com,Polygender
Kirsteni,kvigusr@ovh.net,Female
Fernande,fkaass@amazon.com,Agender
Koren,kiremongert@cpanel.net,Agender
Deerdre,dlefridgeu@parallels.com,Female
Cortney,cagglionev@bloglovin.com,Polygender
Emogene,ecoringtonw@indiegogo.com,Male
Cordey,cfollix@bloomberg.com,Genderfluid
Loree,lcrannagey@alibaba.com,Male
Avis,ahouchenz@nydailynews.com,Genderfluid
Shina,sdenyukhin10@discuz.net,Female
Pepillo,pmacmickan11@twitter.com,Genderqueer
Emmanuel,ehowcroft12@unblog.fr,Male
Cora,ckarby13@hubpages.com,Genderqueer
Hurlee,hlysaght14@opensource.org,Polygender
Pierette,pelse15@about.me,Bigender
Cassy,ctaborre16@bing.com,Bigender
Reider,rwilmott17@google.co.jp,Non-binary
Millard,mlippitt18@google.ca,Polygender
Tim,twillcott19@etsy.com,Bigender
Benyamin,bjoannet1a@angelfire.com,Male
Lorain,lmolloy1b@sakura.ne.jp,Agender
Claiborne,cyegorev1c@forbes.com,Agender
Hunter,hcaldron1d@macromedia.com,Bigender
Odelle,omanach1e@storify.com,Non-binary
Marian,mcrunkhurn1f@msu.edu,Bigender
Jeniffer,jlethebridge1g@google.co.uk,Bigender
Avivah,agemlbett1h@bing.com,Bigender
Verne,vdavidowsky1i@vinaora.com,Non-binary
Asher,asurgen1j@oaic.gov.au,Genderqueer
Bank,bbloy1k@4shared.com,Bigender
Corrie,ctruder1l@slideshare.net,Agender
Daryn,dmiddup1m@nasa.gov,Agender
Reidar,rolivari1n@dailymotion.com,Bigender
Fitz,fdougher1o@google.com.br,Bigender
Binky,bbalducci1p@state.gov,Female
Ellary,edisbrey1q@etsy.com,Male
Ossie,ohollier1r@examiner.com,Genderqueer
Grenville,gmuggleton1s@washingtonpost.com,Non-binary
Kerr,kboles1t@google.es,Polygender
Berk,bseavers1u@blogger.com,Polygender
Merna,mkemmis1v@ft.com,Agender
Michele,mturton1w@freewebs.com,Bigender
Ernestus,ewhybray1x@csmonitor.com,Bigender
Kira,kberks1y@squarespace.com,Genderfluid
Kim,kpena1z@theguardian.com,Female
Spencer,swalkinshaw20@umn.edu,Female
Isacco,imaraga21@aol.com,Agender
Bellina,baisman22@ebay.co.uk,Genderfluid
Coral,cbaish23@paypal.com,Female
Andrew,ayglesia24@e-recht24.de,Polygender
Amye,amccaughey25@gizmodo.com,Bigender
Cherilyn,cjukes26@auda.org.au,Agender
Delia,dcrain27@europa.eu,Polygender
Sheffie,scaught28@studiopress.com,Bigender
Killie,kormond29@howstuffworks.com,Agender
Lisle,lchartre2a@odnoklassniki.ru,Bigender
Teirtza,tneed2b@epa.gov,Genderfluid
Rockwell,rdufaire2c@webs.com,Genderqueer
Skelly,shumbey2d@umn.edu,Female
Regan,rnorway2e@biglobe.ne.jp,Bigender
Sheffield,simpleton2f@china.com.cn,Genderfluid
Jillana,jgrunbaum2g@dedecms.com,Non-binary
Berti,bhuonic2h@wordpress.com,Female
Gerrie,ggatward2i@fastcompany.com,Female
Oberon,onannetti2j@webnode.com,Male
Myrna,mlosbie2k@weebly.com,Agender
Darren,dgirardy2l@yellowbook.com,Male
Devin,ddenness2m@salon.com,Agender
Bat,baizkovitch2n@reverbnation.com,Polygender
Gerald,gsears2o@cbc.ca,Male
Elfrieda,ecanelas2p@youtu.be,Genderqueer
Charlena,ccorrett2q@infoseek.co.jp,Genderfluid
Marsh,mtidmarsh2r@oakley.com,Agender
Sandi,squeen2s@biblegateway.com,Genderqueer
Poppy,pcantillion2t@statcounter.com,Bigender
Loleta,lwhitsey2u@guardian.co.uk,Agender
Junette,jcastletine2v@vistaprint.com,Bigender
Kaitlyn,kmoubray2w@networkadvertising.org,Agender
Barde,bcheyney2x@time.com,Male
Emilie,emcglynn2y@intel.com,Bigender
Hyatt,hthieme2z@goo.ne.jp,Bigender
Alie,areggio30@wp.com,Female
Matty,mizakov31@phoca.cz,Genderfluid
Berky,bstollenwerck32@cnbc.com,Male
Ruddie,rrustan33@google.cn,Female
Hobie,hcrumly34@weather.com,Genderfluid
Auberta,alambillion35@google.ru,Female
Ginger,griping36@bandcamp.com,Polygender
Amabel,abellfield37@altervista.org,Polygender
Wheeler,wcraigmyle38@123-reg.co.uk,Male
Rori,rheggadon39@globo.com,Genderqueer
Bax,bkalker3a@google.co.uk,Genderfluid
Loreen,lholligan3b@skyrock.com,Female
Cassey,claven3c@paypal.com,Genderqueer
Nadiya,nsherbrooke3d@dagondesign.com,Polygender
Isabel,ihagston3e@weather.com,Agender
Charlene,cavraham3f@issuu.com,Genderqueer
Danella,dgrassi3g@vkontakte.ru,Female
Asa,acolthurst3h@themeforest.net,Male
Ase,amctrustey3i@blogger.com,Genderfluid
Irving,idepke3j@xinhuanet.com,Genderfluid
Orv,osaintepaul3k@howstuffworks.com,Agender
Barb,bchristley3l@engadget.com,Polygender
Clyde,cdyett3m@canalblog.com,Polygender
Adeline,alainge3n@sbwire.com,Bigender
Shaw,swarlton3o@dot.gov,Bigender
Mitzi,mhouchin3p@rakuten.co.jp,Male
Sonia,smorriarty3q@china.com.cn,Polygender
Hector,hedmeads3r@wiley.com,Agender
Albertine,agillion3s@friendfeed.com,Polygender
Lionello,ljubert3t@columbia.edu,Non-binary
Taddeo,tvassel3u@mac.com,Genderfluid
Shauna,spearmain3v@webmd.com,Genderfluid
Ernaline,esitford3w@altervista.org,Non-binary
Franzen,fmarner3x@booking.com,Genderfluid
Hedvig,hvarfalameev3y@vistaprint.com,Non-binary
Melvin,mhunt3z@devhub.com,Agender
Ginger,gfoskett40@theglobeandmail.com,Genderqueer
Orion,oathersmith41@behance.net,Bigender
Marleah,mmaytum42@oracle.com,Non-binary
Patrizia,phales43@usnews.com,Bigender
Jeanelle,jhalfpenny44@utexas.edu,Male
Ailene,aandreotti45@pen.io,Agender
Rouvin,rmorecombe46@weather.com,Genderqueer
Heindrick,hschiell47@msn.com,Agender
Bendite,bferrer48@yahoo.com,Agender
Vlad,vcroser49@ustream.tv,Agender
Geraldine,gpass4a@tuttocitta.it,Agender
Elita,erameau4b@flavors.me,Genderqueer
Dot,dbaskeyfied4c@usda.gov,Agender
Marnia,mbelward4d@t-online.de,Genderqueer
Mayne,mbenfell4e@ihg.com,Polygender
Jed,jcampling4f@wired.com,Female
Brittaney,bparlatt4g@sourceforge.net,Male
Arnoldo,awippermann4h@dot.gov,Genderqueer
Eartha,emarzelli4i@china.com.cn,Bigender
Vivienne,vpeachment4j@reference.com,Polygender
Kattie,kmimmack4k@usnews.com,Bigender
Lucienne,lraffan4l@comcast.net,Genderqueer
Tobiah,tiashvili4m@sbwire.com,Non-binary
Rena,rwallege4n@nsw.gov.au,Female
Jennifer,jamberson4o@storify.com,Bigender
Carmina,clongega4p@comsenz.com,Polygender
Anjanette,aflaunders4q@homestead.com,Polygender
Hurley,hramel4r@cargocollective.com,Male
Renard,rpenylton4s@dell.com,Polygender
Antoni,aseakin4t@ovh.net,Genderfluid
Modestia,mcossell4u@cmu.edu,Genderqueer
Ema,elippini4v@wordpress.org,Bigender
Minny,mcrispe4w@loc.gov,Male
Berti,bniess4x@4shared.com,Genderfluid
Wilma,wschiersch4y@redcross.org,Female
Price,phellmer4z@ebay.co.uk,Bigender
Jaquelin,jmacevilly50@com.com,Non-binary
Gardener,gsoall51@topsy.com,Female
Gilli,gbygate52@newsvine.com,Non-binary
Chantal,csmallpeice53@aol.com,Bigender
Francene,fheeley54@cloudflare.com,Non-binary
Lanie,lgriffith55@va.gov,Male
Noelyn,nluxford56@cocolog-nifty.com,Non-binary
Eolande,edevine57@gnu.org,Bigender
Wilhelm,wayer58@nba.com,Bigender
Ad,abrackstone59@youtu.be,Female
Garnet,ggarlicke5a@wikipedia.org,Non-binary
Wilbert,wpedroni5b@xinhuanet.com,Genderfluid
Josi,jhynam5c@hc360.com,Non-binary
Hedvig,hglentz5d@who.int,Bigender
Herculie,hashe5e@goodreads.com,Bigender
Cull,ccogan5f@huffingtonpost.com,Non-binary
Shelia,srackley5g@seesaa.net,Bigender
Novelia,nmulcaster5h@tuttocitta.it,Polygender
Dunn,dalen5i@engadget.com,Male
Michale,msiemianowicz5j@acquirethisname.com,Non-binary
Shaylah,sballam5k@army.mil,Genderfluid
Nevins,ngainsboro5l@ebay.co.uk,Female
Thorny,tstilgoe5m@tumblr.com,Male
Mireielle,mcoenraets5n@homestead.com,Genderqueer
Renee,rautie5o@fc2.com,Non-binary
Adolphe,asidebotton5p@oracle.com,Genderqueer
Davida,dsheehan5q@dailymotion.com,Agender
Yanaton,yblaisdale5r@github.com,Female
Steffi,sbelone5s@sciencedaily.com,Female
Woodrow,wmariotte5t@wix.com,Female
Clara,cbockings5u@wp.com,Non-binary
Lucine,lhoys5v@friendfeed.com,Genderfluid
Phyllida,pcutill5w@kickstarter.com,Non-binary
Sybil,stanslie5x@senate.gov,Agender
Miran,mspritt5y@ow.ly,Non-binary
Staford,shasluck5z@archive.org,Non-binary
Noby,nwebber60@1688.com,Bigender
Franchot,fnorfolk61@techcrunch.com,Female
Milton,mmacanelley62@economist.com,Female
Theodora,trenshell63@google.com.au,Female
Lilith,lbrandin64@illinois.edu,Bigender
Dennet,dlyndon65@alexa.com,Genderqueer
Roseline,rnyland66@goo.ne.jp,Polygender
Forster,fbracher67@sina.com.cn,Bigender
Hyacinthe,hbittlestone68@rambler.ru,Female
Starr,smacer69@sourceforge.net,Polygender
Ariel,alongcaster6a@foxnews.com,Polygender
Angelique,asmitherman6b@jiathis.com,Agender
Bernetta,bheamus6c@narod.ru,Bigender
Cathleen,cgairdner6d@posterous.com,Genderqueer
Gerry,gfoucher6e@miibeian.gov.cn,Agender
Leslie,lstutte6f@google.pl,Female
Josefa,jtolliday6g@usatoday.com,Polygender
Adah,asmeall6h@spotify.com,Female
Romona,rmatfin6i@rediff.com,Genderqueer
Monti,mgoodsal6j@diigo.com,Bigender
Carlene,cblackborn6k@alibaba.com,Genderqueer
Frazier,fbeddard6l@meetup.com,Male
Franchot,ffebre6m@reference.com,Polygender
Nicolle,nrozzell6n@ning.com,Genderqueer
Wolfgang,wiveagh6o@google.pl,Polygender
Sheela,sclynmans6p@angelfire.com,Bigender
Truman,tferrarotti6q@msu.edu,Male
Stanislaw,smulliner6r@indiatimes.com,Male
Sanford,sgreenway6s@taobao.com,Genderfluid
Cindelyn,crosedale6t@fema.gov,Male
Carmelita,cgilder6u@noaa.gov,Genderfluid
Caleb,cpallaske6v@gravatar.com,Polygender
Melessa,mdmitrovic6w@merriam-webster.com,Genderqueer
Seana,scorker6x@ow.ly,Bigender
Clarice,cmanifield6y@tripadvisor.com,Bigender
Dolly,dtander6z@naver.com,Agender
Jamil,jlummasana70@fema.gov,Genderqueer
Glori,gsermin71@merriam-webster.com,Polygender
Guinna,gandryunin72@e-recht24.de,Agender
Zane,zphython73@behance.net,Genderfluid
Wayland,wgillford74@opera.com,Male
Jodee,jsaffon75@flavors.me,Polygender
Hagen,hbeckhouse76@netvibes.com,Genderqueer
Julita,jkendal77@list-manage.com,Polygender
Kara-lynn,kbottinelli78@bbb.org,Polygender
Kathlin,kwindus79@feedburner.com,Genderqueer
Nicolais,nbertram7a@mozilla.com,Male
Redd,reasthope7b@twitpic.com,Bigender
Justin,jemmerson7c@zimbio.com,Genderqueer
Alice,amoysey7d@feedburner.com,Bigender
Jessika,jdacosta7e@constantcontact.com,Genderfluid
Hagen,hflanders7f@amazon.co.jp,Male
Nicola,nhamley7g@npr.org,Genderfluid
Hillyer,hfife7h@ucoz.com,Genderqueer
Ardath,askilton7i@cpanel.net,Male
Shaylynn,sblatchford7j@deviantart.com,Bigender
Yale,ylyvon7k@narod.ru,Polygender
Olivia,oarney7l@stumbleupon.com,Agender
Anselma,amityushkin7m@qq.com,Bigender
Debera,dhandford7n@blogtalkradio.com,Genderqueer
Antonella,aswindell7o@facebook.com,Agender
Gregorius,ghugh7p@sciencedaily.com,Polygender
Audi,afaire7q@mediafire.com,Polygender
Jessy,jondricek7r@jalbum.net,Male
Erhard,eyegorovnin7s@artisteer.com,Agender
Cash,ccawthron7t@theguardian.com,Male
Zenia,zludmann7u@issuu.com,Polygender
Lu,lnegro7v@google.fr,Genderfluid
Roze,rdowrey7w@gizmodo.com,Non-binary
Robinette,rfloyed7x@canalblog.com,Agender
Yvon,yguitte7y@guardian.co.uk,Female
Gage,gmains7z@ibm.com,Male
Cody,cmccurley80@github.io,Non-binary
Blinni,bbeades81@csmonitor.com,Bigender
Myrle,mhuie82@cbsnews.com,Female
Cob,calabone83@zdnet.com,Genderfluid
Dyane,dchenery84@ca.gov,Non-binary
Wylie,wjenkins85@smh.com.au,Genderfluid
Stanford,shelling86@friendfeed.com,Polygender
Eolanda,ekinder87@woothemes.com,Polygender
Adah,apenticoot88@springer.com,Non-binary
Neron,nbutfield89@wikia.com,Female
Cedric,cmillsom8a@bandcamp.com,Bigender
Way,wmacalees8b@msu.edu,Female
Terrance,tmaylor8c@nsw.gov.au,Polygender
Adda,ajoselevitz8d@squarespace.com,Female
Pauly,pboniface8e@deviantart.com,Male
Bibi,bbellanger8f@trellian.com,Genderqueer
Normy,nbliss8g@cnn.com,Bigender
Niven,nmeatyard8h@nba.com,Polygender
Oren,okingston8i@bandcamp.com,Genderqueer
Michal,mszubert8j@ehow.com,Genderfluid
Gina,galbiston8k@state.gov,Female
Gwenni,gwhear8l@cornell.edu,Non-binary
Morten,mdobble8m@last.fm,Polygender
Frederik,fbugler8n@tinypic.com,Genderqueer
Thornton,tvossgen8o@nyu.edu,Non-binary
Gillie,gespinas8p@canalblog.com,Non-binary
Daisie,dgretton8q@apple.com,Genderfluid
Pen,pvannucci8r@salon.com,Genderqueer
William,wfessier8s@telegraph.co.uk,Genderqueer
Drusilla,dakitt8t@twitter.com,Genderfluid
Eliza,elaxson8u@shutterfly.com,Polygender
Caritta,charrower8v@ovh.net,Genderqueer
Christy,cfeldon8w@walmart.com,Bigender
Dareen,dsouthcott8x@columbia.edu,Male
Annemarie,achipps8y@yolasite.com,Non-binary
Lilyan,ldownage8z@pagesperso-orange.fr,Genderfluid
Johnathon,jvarty90@whitehouse.gov,Female
Ginny,gpilbury91@ning.com,Polygender
Kanya,katterbury92@people.com.cn,Genderfluid
Oberon,osearby93@guardian.co.uk,Polygender
Alric,aslorach94@ucoz.com,Bigender
Ramonda,rguidetti95@google.co.jp,Agender
Phyllys,pblowes96@jalbum.net,Agender
Shanon,sosuaird97@mail.ru,Polygender
Belva,bmewitt98@howstuffworks.com,Non-binary
Sherri,sstainson99@youku.com,Agender
Brittaney,bclail9a@meetup.com,Polygender
Zacherie,zsummerlie9b@vinaora.com,Genderfluid
Lucie,lmcclay9c@unesco.org,Non-binary
Jorge,jcaulier9d@woothemes.com,Female
Kinnie,kdunhill9e@cocolog-nifty.com,Polygender
Johny,jsommersett9f@foxnews.com,Genderqueer
Alexis,areadwing9g@soup.io,Female
Jillie,jinsworth9h@stumbleupon.com,Bigender
Emalia,egalland9i@seattletimes.com,Non-binary
Charlotte,clidgey9j@sun.com,Male
Sue,sganders9k@topsy.com,Bigender
Hortensia,hnavan9l@google.es,Agender
Rutger,rbrookshaw9m@wiley.com,Genderfluid
Dilly,dgiovani9n@uiuc.edu,Polygender
Friedrick,fgoodlet9o@webmd.com,Non-binary
Annabel,achesworth9p@soundcloud.com,Agender
Farica,fpatillo9q@ted.com,Polygender
Merell,mbartolozzi9r@posterous.com,Non-binary
Rosaleen,rmorritt9s@usnews.com,Genderfluid
Spenser,swerrett9t@hugedomains.com,Female
Arch,aminihan9u@g.co,Non-binary
Gwenni,gflarity9v@homestead.com,Polygender
Garland,ginott9w@jugem.jp,Genderfluid
Leesa,ladshed9x@mail.ru,Bigender
Eustace,ejaxon9y@mail.ru,Agender
Abbie,araiman9z@flavors.me,Genderfluid
Fredra,fhextera0@exblog.jp,Non-binary
Cathe,cspendleya1@huffingtonpost.com,Male
Babita,bmatasa2@weibo.com,Genderfluid
Jody,jjoplina3@europa.eu,Bigender
Davita,ddenera4@feedburner.com,Bigender
Rahal,rhamshawa5@unblog.fr,Male
Egon,emcglynna6@creativecommons.org,Agender
Tani,tsoutherella7@earthlink.net,Male
Olympie,obaythorpa8@gravatar.com,Non-binary
Martica,mosticka9@youtu.be,Polygender
Ruby,rmaypotheraa@nytimes.com,Genderfluid
Ode,obabeab@redcross.org,Male
Clarisse,cstenerac@seattletimes.com,Female
Theo,tbloanad@nydailynews.com,Genderfluid
Sileas,swylderae@hugedomains.com,Female
Nappy,nfilippiaf@omniture.com,Male
Mordecai,mchasteyag@bbb.org,Male
Jake,jeberdtah@latimes.com,Agender
Sorcha,sdransfieldai@vk.com,Polygender
Alva,apikeaj@xrea.com,Female
Sondra,scommingsak@exblog.jp,Genderqueer
Margaux,mclaqueal@cnn.com,Agender
Kathi,kbaldryam@hc360.com,Non-binary
Rickie,rteulieran@imgur.com,Female
Kermit,kmustchinao@umich.edu,Genderqueer
Kelly,kfynesap@sitemeter.com,Genderfluid
Korney,kvelaq@nature.com,Male
Bing,bsisselar@phpbb.com,Male
Allison,abudleighas@cnn.com,Genderqueer
Patton,pverneat@craigslist.org,Male
Karen,kmaidmentau@hugedomains.com,Agender
Rolph,rmalterav@usgs.gov,Non-binary
Carny,cburberowaw@ihg.com,Genderqueer
Erasmus,edibartolomeoax@sciencedaily.com,Male
Carry,cdoleay@google.com,Female
Tammi,tspellaceyaz@berkeley.edu,Male
Christyna,corowaneb0@a8.net,Agender
Monro,mwickrathb1@ehow.com,Bigender
Deborah,dloutheb2@booking.com,Male
Alexei,adunderdaleb3@nsw.gov.au,Polygender
Janifer,jwicklenb4@tripod.com,Genderqueer
Tony,ttoplissb5@nps.gov,Bigender
Denny,ddrennanb6@ehow.com,Genderfluid
Morley,mworrallb7@go.com,Male
Lorianna,lchamanb8@mayoclinic.com,Bigender
Ebba,eshambrokeb9@blogtalkradio.com,Female
Collie,clarmorba@washington.edu,Genderfluid
Kory,kdoumercbb@si.edu,Agender
Maxine,mpeplowbc@tiny.cc,Genderqueer
Warner,wdewburybd@github.com,Genderfluid
Shepherd,sshalebe@naver.com,Non-binary
Katharyn,kpindarbf@ow.ly,Non-binary
Kerianne,kskeltonbg@patch.com,Genderfluid
Sara,scapronbh@joomla.org,Polygender
Alisa,aalyutinbi@dmoz.org,Female
Laurena,lduckerbj@hugedomains.com,Agender
Kakalina,kwasonbk@devhub.com,Genderqueer
Ramsey,rhardibl@phpbb.com,Polygender
Perceval,pmintoffbm@zdnet.com,Male
Bobbie,barborbn@newyorker.com,Male
Tiphanie,ttolanbo@chronoengine.com,Genderfluid
Sonny,spatientbp@artisteer.com,Bigender
Star,scleminsonbq@businessinsider.com,Bigender
Willdon,wcallejabr@jugem.jp,Genderfluid
Luce,lpickworthbs@jalbum.net,Female
Edy,estriplingbt@cbc.ca,Female
Frederique,fdunbobinbu@gnu.org,Genderqueer
Bernarr,bdurnbv@upenn.edu,Female
La verne,lpaviabw@devhub.com,Non-binary
David,dwornerbx@cloudflare.com,Agender
Raimund,ralfonsettoby@csmonitor.com,Genderfluid
Chuck,chaglintonbz@wsj.com,Male
Thaddeus,tblaisc0@narod.ru,Non-binary
Bernardina,bplinckc1@over-blog.com,Genderqueer
Sharyl,spatonc2@dyndns.org,Female
Conney,ctwitchettc3@admin.ch,Genderqueer
Dael,ddillinghamc4@smh.com.au,Polygender
Doe,dmccarrollc5@yahoo.com,Female
Billy,bdomokosc6@behance.net,Genderqueer
Virgilio,vcummingsc7@xinhuanet.com,Female
Lauritz,lcondiec8@netscape.com,Non-binary
Sascha,stankardc9@businesswire.com,Male
Pedro,pdunlapca@narod.ru,Bigender
Cher,cmusslewhitecb@alexa.com,Female
Dayle,dhillockcc@pen.io,Genderfluid
Kyla,kwescottcd@ebay.co.uk,Bigender
Heddie,hrameauxce@myspace.com,Agender
Ardelia,ahaddingtoncf@yellowbook.com,Bigender
Chad,cshrimplingcg@webs.com,Polygender
Drud,dfrancombch@ezinearticles.com,Genderqueer
Dillie,ddoggartci@ted.com,Bigender
Ardene,amckennancj@businesswire.com,Non-binary
Farand,ftunnack@engadget.com,Bigender
Rockie,rfarncombcl@hc360.com,Genderfluid
Corabel,ctarpeycm@economist.com,Genderqueer
Tamarra,tvanderveldtcn@google.cn,Genderqueer
Noel,nhuetsonco@macromedia.com,Bigender
Ursa,udummigancp@chicagotribune.com,Genderqueer
Vitoria,vdyballcq@gmpg.org,Agender
Olivette,ohelliercr@yolasite.com,Non-binary
Audre,augonics@csmonitor.com,Non-binary
Elbertina,ewillettct@house.gov,Male
Philis,pflellocu@indiegogo.com,Polygender
Paulina,psimonutticv@java.com,Genderfluid
Sydel,sdurrantcw@wisc.edu,Bigender
Alida,afalloncx@netlog.com,Bigender
Shanan,shelstromcy@utexas.edu,Genderfluid
Cullin,cgilardonicz@imdb.com,Polygender
Faith,frushmered0@bbb.org,Polygender
Gay,glinkind1@alibaba.com,Male
Zane,zdudleyd2@jalbum.net,Bigender
Dunn,dlewisd3@slate.com,Polygender
Billy,bstuked4@state.tx.us,Male
Vikki,vbattamsd5@clickbank.net,Bigender
Kaitlyn,kwesthoferd6@eepurl.com,Bigender
Nona,nvonhelmholtzd7@posterous.com,Male
Norry,ndaked8@usa.gov,Male
Zachariah,zmcchruiterd9@123-reg.co.uk,Male
Deedee,dnewartda@pagesperso-orange.fr,Female
Randal,rchestnuttdb@nps.gov,Genderfluid
Colette,cglewdc@posterous.com,Genderfluid
Nettie,nmiddlewickdd@unicef.org,Female
Silvain,ssheringtonde@seattletimes.com,Male
Minor,mmoormandf@gnu.org,Bigender
Marge,mfontellesdg@xing.com,Polygender
Efrem,egaliadh@a8.net,Polygender
Sibel,smullinerdi@nsw.gov.au,Non-binary
Robbi,rreddingtondj@diigo.com,Genderfluid
Ludvig,llintottdk@51.la,Non-binary
Serge,sudalldl@fema.gov,Agender
Leanor,lshrevedm@merriam-webster.com,Polygender
Nevile,ngaspardn@google.cn,Agender
My,mpenderdo@hao123.com,Male
Dolores,dflementdp@patch.com,Non-binary
Moria,mhedinghamdq@prnewswire.com,Female
Jean,jloaddr@list-manage.com,Non-binary
Brynna,bantoneyds@irs.gov,Polygender
Rab,ralbasinidt@umich.edu,Bigender
Cesar,cgosnolddu@wikimedia.org,Male
Fania,froosdv@typepad.com,Genderfluid
Pennie,pwortondw@wisc.edu,Female
Brockie,btetherdx@baidu.com,Polygender
Michal,mlavisdy@state.tx.us,Male
Brandtr,blonglanddz@amazon.de,Genderfluid
Thaddeus,tmiske0@howstuffworks.com,Bigender
Darci,dmcilhaggae1@ftc.gov,Agender
Stacee,sroncie2@sciencedaily.com,Polygender
Zane,zdymicke3@ted.com,Non-binary
Hatti,hgreggse4@vistaprint.com,Genderfluid
Cam,cchottye5@spotify.com,Agender
Townsend,thassene6@cyberchimps.com,Female
Mona,mfarrelle7@bbb.org,Polygender
Lorrie,lpinchine8@rakuten.co.jp,Bigender
Del,dhense9@dell.com,Polygender
Lem,lkeseyea@privacy.gov.au,Polygender
Birgitta,bpalffreyeb@theatlantic.com,Agender
Dawna,dlemmec@wufoo.com,Non-binary
Fayre,fkilforded@netscape.com,Genderfluid
Torr,tpiscopelloee@is.gd,Agender
Rivalee,rkitchineref@paginegialle.it,Polygender
Ayn,asymoneg@deviantart.com,Agender
Penny,pisakseneh@wikipedia.org,Female
Tonnie,tvispoei@hibu.com,Non-binary
Brigham,bchampnessej@google.ru,Agender
Roxane,rryrieek@trellian.com,Genderqueer
Augustine,aboocockel@domainmarket.com,Agender
Jocko,jmitchensonem@arizona.edu,Male
Meyer,mpennuzzien@goo.gl,Male
Hallsy,hchokeeo@photobucket.com,Agender
Roby,rnancekivellep@europa.eu,Male
Araldo,adunningeq@sohu.com,Non-binary
Sapphira,sderringtoner@google.com.hk,Genderfluid
Umeko,ubeahanes@dropbox.com,Non-binary
Lyndsay,lweatherleyet@gnu.org,Genderfluid
Kean,kpillingeu@people.com.cn,Male
Junette,jramsdellev@yellowpages.com,Genderfluid
Gillian,gmapholmew@behance.net,Male
Harland,hcrowcherex@vkontakte.ru,Genderqueer
Rahal,rsanperey@soundcloud.com,Agender
Windham,whambatchez@icq.com,Female
Robert,rfrancef0@friendfeed.com,Female
Bordy,bankersf1@shareasale.com,Male
Katlin,kharmestonf2@arstechnica.com,Female
Meara,mderryf3@imdb.com,Bigender
Jessa,jgombyf4@tripadvisor.com,Female
Antonietta,aclutheramf5@cnbc.com,Genderfluid
Hayden,hblossf6@mapquest.com,Female
Julia,jtydemanf7@hao123.com,Male
Audry,aplacidif8@sohu.com,Male
Roselia,rdibsonf9@examiner.com,Non-binary
Augusto,aiacopinifa@bbc.co.uk,Male
Emiline,econnfb@constantcontact.com,Non-binary
Elli,eklempkefc@fda.gov,Genderfluid
Sheela,sjimsonfd@bluehost.com,Male
Raoul,rhuxterfe@nasa.gov,Agender
Sibel,smanueliff@vk.com,Genderfluid
George,gyellandfg@mapquest.com,Genderfluid
Fern,fmoldenfh@amazon.com,Male
Garey,gbeavesfi@dropbox.com,Bigender
Fannie,femmotfj@prlog.org,Non-binary
Niccolo,nnelthropfk@japanpost.jp,Agender
Chick,cclaridgefl@usgs.gov,Female
Codi,cnoseworthyfm@techcrunch.com,Bigender
Myranda,msargoodfn@imgur.com,Polygender
Husein,hilyinykhfo@i2i.jp,Agender
Brinn,bsportonfp@abc.net.au,Agender
Sunshine,spingstonefq@miitbeian.gov.cn,Non-binary
Alfonse,aedmondsonfr@usatoday.com,Genderfluid
Eolanda,eaylingfs@indiegogo.com,Male
Christos,clabanft@youtu.be,Non-binary
Roarke,rlangworthyfu@trellian.com,Genderfluid
Andonis,apeppardfv@etsy.com,Non-binary
Darice,ddunhillfw@senate.gov,Polygender
Sawyer,steissierfx@imgur.com,Female
Barbara-anne,bofieldfy@1688.com,Polygender
Ondrea,omagarrellfz@europa.eu,Non-binary
Adriano,aschimekg0@adobe.com,Polygender
Dolores,dparnabyg1@yellowbook.com,Bigender
Binni,barrighettig2@ca.gov,Bigender
Ashlin,amillarg3@wufoo.com,Non-binary
Tess,trichardg4@sogou.com,Male
Ellen,ewilletsg5@cdc.gov,Genderfluid
Loella,lnormanvillg6@jimdo.com,Genderfluid
Janis,jmounterg7@aboutads.info,Male
Hort,hlavilleg8@wordpress.com,Non-binary
Chantal,cpershouseg9@buzzfeed.com,Genderfluid
Ray,rmarlga@ebay.com,Agender
Aundrea,ashonegb@hao123.com,Agender
Welbie,wsainsburygc@yellowbook.com,Genderqueer
Brinn,bpilsburygd@huffingtonpost.com,Genderfluid
Maighdiln,mmccurdyge@so-net.ne.jp,Bigender
Arron,amclaygf@icq.com,Female
Shel,sbecraftgg@google.co.uk,Non-binary
Denise,dpavergh@w3.org,Genderfluid
Cobbie,cgalbreathgi@yahoo.co.jp,Genderqueer
Margeaux,mspiritgj@netlog.com,Bigender
Clarine,cfebrygk@drupal.org,Polygender
Kean,kcostardgl@gravatar.com,Genderfluid
Avril,aryalgm@cornell.edu,Polygender
Lena,lthompkinsgn@ftc.gov,Non-binary
Tamas,tgrangiergo@friendfeed.com,Male
Zea,zantoniadesgp@noaa.gov,Female
Camille,cwellfaregq@telegraph.co.uk,Genderfluid
Waylon,wcathelgr@ucla.edu,Agender
Lindie,loulnergs@wikia.com,Male
Kaycee,krushtongt@jiathis.com,Male
Saundra,sduinbletongu@ebay.com,Genderfluid
Terza,tslatchergv@telegraph.co.uk,Polygender
Antonie,agregoregw@cargocollective.com,Female
Jeana,jpippingx@google.cn,Genderqueer
Kelcie,kbewfieldgy@nationalgeographic.com,Female
Teador,tbettegz@twitpic.com,Polygender
Goraud,gtotmanh0@state.tx.us,Male
Roi,rbogueh1@prnewswire.com,Genderqueer
Randell,rfarlhamh2@harvard.edu,Male
Claudio,csamuelsh3@youtube.com,Polygender
Jenda,jbenedicteh4@themeforest.net,Genderqueer
Sasha,siacovoloh5@people.com.cn,Genderfluid
Georgy,ggibbettsh6@tamu.edu,Genderqueer
Carter,cmurth7@wired.com,Non-binary
Joelynn,jpressmanh8@fotki.com,Bigender
Karie,koventonh9@lycos.com,Male
Kate,kpotkinha@exblog.jp,Non-binary
Ric,rthorbyhb@chronoengine.com,Agender
Ed,ehoneywoodhc@pen.io,Genderfluid
Lissa,ltuberfieldhd@msn.com,Agender
Wilie,wgolthe@ftc.gov,Genderqueer
Elfrida,echampainhf@live.com,Polygender
Aliza,acrittalhg@tripod.com,Male
Consuela,ceeleshh@barnesandnoble.com,Male
Dolores,dyashinhi@google.ru,Male
Nari,nstandishhj@geocities.jp,Polygender
Boigie,branshawhk@lycos.com,Polygender
Lombard,ltrasslerhl@goodreads.com,Female
Georgi,golcothm@amazon.de,Male
Susy,slamarhn@yellowbook.com,Genderqueer
Northrop,ntulipho@g.co,Non-binary
Sheelagh,sroslenhp@boston.com,Agender
Wylie,wdruelhq@istockphoto.com,Genderfluid
Valaria,vonolanhr@bloglovin.com,Genderfluid
Bernadene,bbirtwislehs@blogs.com,Female
Karry,klardezht@ebay.com,Male
Fawn,fguittethu@exblog.jp,Agender
Joseph,jdeschleinhv@oakley.com,Agender
Lisa,lmunroehw@hhs.gov,Non-binary
Dorolisa,deldridgehx@ebay.co.uk,Bigender
Shanda,sclaypoolhy@dedecms.com,Genderqueer
Hynda,hrichingshz@nhs.uk,Genderqueer
Shelby,svalancei0@miitbeian.gov.cn,Polygender
Tandie,tospellisseyi1@delicious.com,Male
Burgess,bpartletoni2@networksolutions.com,Polygender
Kesley,kverbruggei3@list-manage.com,Non-binary
Shelly,sdandyi4@dailymotion.com,Non-binary
Franky,fpecki5@biglobe.ne.jp,Male
Madel,mshowersi6@earthlink.net,Polygender
Shannon,swallworthi7@yellowbook.com,Polygender
Doretta,dmowlei8@csmonitor.com,Agender
Verney,vpleageri9@sun.com,Genderqueer
Dallon,ddevinnia@jalbum.net,Polygender
Erl,emanketellib@wired.com,Male
Jori,jsearlesic@clickbank.net,Agender
Dante,dtroubridgeid@businessinsider.com,Genderfluid
Whitaker,wbrombyie@businesswire.com,Genderqueer
Rosco,rnafzigerif@gnu.org,Male
Hedvige,hpairemanig@indiegogo.com,Bigender
Lemmy,llernerih@buzzfeed.com,Female
Adi,anendickii@parallels.com,Bigender
Cleopatra,chakesij@harvard.edu,Agender
Samantha,sdionsettoik@twitpic.com,Agender
Willie,wwaitil@google.cn,Bigender
Kerk,kboffeyim@ezinearticles.com,Agender
Dell,dantonikin@wsj.com,Polygender
Pinchas,pmacsorleyio@purevolume.com,Non-binary
Hewie,hjeaninip@ezinearticles.com,Genderqueer
Ty,ttennisoniq@google.com.br,Agender
Nolie,ncalowir@google.co.uk,Female
Dora,dwithamsis@de.vu,Agender
Neille,nshuttlewoodit@quantcast.com,Bigender
Rudie,rfowleriu@comcast.net,Genderfluid
Kirbie,kstallaniv@purevolume.com,Agender
Claiborne,ccheneyiw@baidu.com,Bigender
Millicent,mairsix@admin.ch,Polygender
Hillie,hbourdoniy@google.co.jp,Female
Reynolds,rsessunsiz@trellian.com,Agender
Danni,dsunnexj0@hc360.com,Genderfluid
Lenee,ltemlj1@noaa.gov,Agender
Abel,aruusaj2@hp.com,Female
Ethelin,ehesslej3@berkeley.edu,Bigender
Jermayne,jcreanj4@nifty.com,Agender
Ariana,aravenj5@sciencedaily.com,Genderqueer
Dorothy,dstorrockj6@dion.ne.jp,Female
Lou,lcowhigj7@furl.net,Agender
Clementius,cmuehlerj8@qq.com,Agender
Maribel,mwittletonj9@imdb.com,Bigender
Hernando,hbatrickja@parallels.com,Genderfluid
Elsie,esydesjb@timesonline.co.uk,Non-binary
Gabbie,gneubiggingjc@google.de,Genderqueer
Rudd,rladbrookejd@creativecommons.org,Non-binary
Madelon,mdecourceyje@goodreads.com,Agender
Christan,cparisjf@1und1.de,Genderfluid
Obed,oofarrisjg@jigsy.com,Male
Andie,asoignejh@simplemachines.org,Bigender
Donnie,dcurranji@hostgator.com,Agender
Brnaba,bpatriajj@timesonline.co.uk,Agender
Stephanus,sbleibaumjk@theglobeandmail.com,Agender
Milly,mflescherjl@adobe.com,Genderqueer
Bernete,bwybronjm@drupal.org,Male
Gunter,gzannottijn@exblog.jp,Agender
Brandea,bmcnirlinjo@ihg.com,Male
Barbra,bgrandissonjp@archive.org,Bigender
Edd,eziemensjq@auda.org.au,Non-binary
Kevin,ksaipyjr@woothemes.com,Genderfluid
Annaliese,asirmonjs@webnode.com,Non-binary
Flem,fdunkjt@oakley.com,Genderfluid
Shel,sortnerju@answers.com,Genderfluid
Hamish,harmaljv@xrea.com,Genderfluid
Roddie,rkaleyjw@bloglines.com,Bigender
Westbrooke,wpatyjx@posterous.com,Genderfluid
Muire,mblairjy@adobe.com,Male
Lonee,lspringjz@homestead.com,Female
Cole,creecek0@google.nl,Male
Kris,keyerk1@linkedin.com,Agender
Adrea,akemberk2@ycombinator.com,Polygender
Davie,dstempk3@hud.gov,Bigender
Vivianne,vriddingk4@google.cn,Polygender
Aida,avalenssmithk5@twitpic.com,Non-binary
Teodor,ttydemank6@ifeng.com,Genderfluid
Renado,rallenderk7@jugem.jp,Non-binary
Dierdre,ddockwrak8@google.fr,Male
Benton,bjollandsk9@1688.com,Polygender
Ruthanne,rbrounsellka@youku.com,Male
Hilarius,hhummkb@buzzfeed.com,Genderfluid
Worthy,wdeekc@unblog.fr,Male
Leslie,lrolfinikd@yandex.ru,Bigender
Kenyon,kmidlaneke@usa.gov,Female
Libby,lanniskf@trellian.com,Bigender
Ali,agriffenkg@dmoz.org,Bigender
Jessie,jrosenboimkh@yahoo.co.jp,Agender
Stephenie,ssuffeki@usnews.com,Female
Jacob,jperullikj@cnbc.com,Genderfluid
Portia,pglencroschekk@icio.us,Bigender
Oona,ooakenfieldkl@apple.com,Genderqueer
Joey,jhatherillkm@domainmarket.com,Bigender
Charmane,cashlinkn@lulu.com,Genderfluid
Evie,ebertinko@odnoklassniki.ru,Agender
Derby,dpollinskp@unc.edu,Agender
Rhetta,rgeharkekq@phoca.cz,Male
Jane,jfraykr@ehow.com,Agender
Arlen,amosbyks@nifty.com,Polygender
Moritz,mshoebothamkt@harvard.edu,Bigender
Sandye,sterrettku@issuu.com,Non-binary
Junia,jorablekv@seattletimes.com,Genderqueer
Dredi,drunacreskw@studiopress.com,Non-binary
Elden,efroudekx@unesco.org,Male
Nyssa,nzarbky@simplemachines.org,Bigender
Denyse,ddabrowskikz@ucoz.com,Polygender
Hagan,hsmissenl0@goo.gl,Genderfluid
Sayers,schidleyl1@utexas.edu,Genderfluid
Georas,gbengoughl2@ft.com,Polygender
Rafe,rledwidgel3@fda.gov,Genderqueer
Eduino,eorpinl4@adobe.com,Genderqueer
Codie,clauxmannl5@is.gd,Female
Zedekiah,zocarneyl6@google.ru,Male
Shelli,sscawenl7@cnet.com,Female
Gwennie,galkinl8@slideshare.net,Polygender
Zonda,zsmallcombel9@ted.com,Genderfluid
Florry,fbenningtonla@goo.ne.jp,Genderfluid
Justine,jtavernerlb@barnesandnoble.com,Bigender
Elset,ejeffcocklc@example.com,Genderfluid
Temple,tsmallboneld@ocn.ne.jp,Female
Zerk,zprettyjohnsle@weibo.com,Female
Lizzy,lcorrettlf@ftc.gov,Agender
Farrah,fkerranelg@blinklist.com,Male
Liza,ljiraceklh@shareasale.com,Non-binary
Rhett,rpichmannli@ning.com,Female
Verne,valyonovlj@wix.com,Genderqueer
Laryssa,lbladesmithlk@state.tx.us,Non-binary
Shayne,soutramll@home.pl,Bigender
Chet,clambrechtlm@wikispaces.com,Bigender
Erna,edalliganln@baidu.com,Genderqueer
Alli,arewcasselllo@yellowpages.com,Genderfluid
Margit,mburleighlp@uiuc.edu,Genderfluid
Levin,lkeelanlq@mac.com,Agender
Brigitte,bpowelllr@printfriendly.com,Polygender
Costa,cordls@nba.com,Polygender
Steffi,snairnslt@china.com.cn,Non-binary
Abdel,avendittolu@g.co,Bigender
Natka,nattawelllv@va.gov,Male
Nessy,npriddislw@pcworld.com,Bigender
Bradly,bfeanderlx@friendfeed.com,Agender
Mandie,mchaytorly@washingtonpost.com,Genderqueer
Aleta,aweddeburnscrimgeourlz@delicious.com,Genderqueer
Quill,qhouldeym0@ehow.com,Genderqueer
Allene,awantm1@eventbrite.com,Genderqueer
Eldridge,epargiterm2@washingtonpost.com,Agender
Derrek,dwitulm3@cam.ac.uk,Non-binary
Patrizius,ppawlickm4@sohu.com,Male
Dougy,dflexmanm5@cyberchimps.com,Agender
Llewellyn,ldmitrievskim6@webmd.com,Genderfluid
Sasha,sgibbenm7@imageshack.us,Male
Bridget,blondonm8@ox.ac.uk,Female
Betta,bsnooksm9@guardian.co.uk,Bigender
Mark,mwaymontma@hao123.com,Female
Tracie,tellormb@dailymail.co.uk,Male
Neda,nkillemc@aboutads.info,Bigender
Merry,mbarnbymd@wikimedia.org,Genderqueer
Arnaldo,aottewellme@google.com.br,Agender
Muriel,mtesyromf@usgs.gov,Male
Farleigh,fyoungmg@google.com.br,Female
Burke,ballanmh@vkontakte.ru,Polygender
Sadella,skippenmi@github.com,Bigender
Ronalda,rcammismj@netvibes.com,Genderfluid
Kissiah,kbarnacloughmk@geocities.jp,Female
Wakefield,whopkynsonml@paypal.com,Male
Drucie,dadriaensmm@dell.com,Agender
Trevor,tsimonitemn@w3.org,Agender
Jeannine,jbertsonmo@loc.gov,Bigender
Somerset,sdiprosemp@wordpress.org,Polygender
Hayley,hdelucemq@cdbaby.com,Genderqueer
Glenn,gkoberamr@mozilla.com,Non-binary
Yuma,ybernasekms@google.nl,Female
Foss,fsalmonimt@artisteer.com,Non-binary
Leda,lbessmu@globo.com,Non-binary
Violet,vbartholomewmv@typepad.com,Female
Natal,nodulchontamw@apache.org,Genderqueer
Laughton,ltoghillmx@4shared.com,Agender
Chastity,cjaffraymy@themeforest.net,Bigender
Joanne,jyanceymz@trellian.com,Bigender
Rebeka,rmariyushkinn0@51.la,Bigender
Merridie,mellerkern1@exblog.jp,Genderqueer
Vivien,vghionin2@elegantthemes.com,Genderqueer
Kalindi,kduigann3@usa.gov,Male
Karia,kpridgeonn4@unblog.fr,Non-binary
Ramsay,rrackleyn5@kickstarter.com,Bigender
Darnell,dlongbonen6@adobe.com,Bigender
Kelcey,kamblern7@webmd.com,Non-binary
Ave,aantonazzin8@chronoengine.com,Genderfluid
Leilah,lbartheletn9@vinaora.com,Male
Ki,kdavsonna@issuu.com,Non-binary
Amye,ajohlnb@tamu.edu,Polygender
Osmund,odelamerenc@fastcompany.com,Agender
Brien,bbenedttind@1688.com,Bigender
Annice,afacene@bravesites.com,Genderfluid
Wat,wdunnf@nature.com,Non-binary
Cassy,cemmensng@wp.com,Male
Corrina,csewternh@symantec.com,Genderqueer
Harvey,hvernallni@furl.net,Male
Darlleen,dquickendennj@yellowbook.com,Bigender
Grant,galvaradonk@webmd.com,Genderfluid
Alvin,akovelmannnl@hhs.gov,Female
Morie,mbetonianm@spotify.com,Polygender
Meara,mhuygensnn@nsw.gov.au,Female
Catha,clydallno@unicef.org,Non-binary
Jillene,jgreenonp@nature.com,Male
Errick,etippingnq@eventbrite.com,Male
Darby,dsirkettnr@google.ru,Genderfluid
Nancey,nskippenns@ibm.com,Male
Derrek,doseltonnt@ning.com,Polygender
Jobina,jreadwinnu@phoca.cz,Genderqueer
Dore,dnapiernv@ehow.com,Polygender
Clotilda,cbesliernw@fda.gov,Male
Lory,lkondratenkonx@flickr.com,Female
Bone,brobelowny@gnu.org,Male
Rosella,rhasselbynz@1688.com,Female
Miran,mdivallo0@tinypic.com,Female
Kelley,kkegano1@cdbaby.com,Agender
Jen,jwalliso2@sitemeter.com,Male
Trula,tdallowayo3@wikimedia.org,Genderqueer
Eloise,edrengo4@unicef.org,Bigender
Lilia,lrachuigo5@51.la,Female
Parrnell,pdirkino6@bluehost.com,Agender
Ludvig,lbuckyo7@furl.net,Bigender
Molli,mcuttello8@google.com.hk,Agender
Lezlie,lcholomino9@blinklist.com,Female
Arnold,amattinoa@ucsd.edu,Agender
Silvie,spucknellob@mail.ru,Female
Elenore,edebellisoc@answers.com,Female
Belita,bstockenod@epa.gov,Male
Melodie,medsalloe@tamu.edu,Male
Jeanna,jnappinof@businesswire.com,Polygender
Erie,espallsog@slashdot.org,Genderfluid
Dionysus,divanusyevoh@is.gd,Female
Denny,ddiganoi@tmall.com,Agender
Cherish,ccolcomboj@usda.gov,Genderfluid
Ivonne,ipiercyok@csmonitor.com,Male
Eden,ewhitwamol@google.nl,Agender
Casey,caberdeinom@epa.gov,Genderfluid
Isabelita,ibiscoon@ameblo.jp,Bigender
Pietro,pskelcheroo@techcrunch.com,Polygender
Karlens,kskaifop@fotki.com,Male
Murvyn,mbortoloq@weather.com,Genderqueer
Julee,jbotwoodor@washington.edu,Agender
Cammy,cwessingos@cornell.edu,Bigender
Annalise,ageggieot@jugem.jp,Polygender
Tabbitha,thourstonou@youtu.be,Polygender
Pam,phalbertov@nationalgeographic.com,Bigender
Austin,akennicottow@homestead.com,Agender
Octavia,oflemyngox@simplemachines.org,Genderfluid
Chad,ctrittenoy@issuu.com,Agender
Darryl,dvaneyoz@hibu.com,Genderfluid
Ardelia,afessionsp0@symantec.com,Genderfluid
Paulie,plamlinp1@blogspot.com,Male
Mikey,mbassamp2@rediff.com,Female
Sari,sfavellep3@loc.gov,Non-binary
Kristi,klumleyp4@yolasite.com,Genderqueer
Arlee,atodp5@google.com,Bigender
Corinne,cbottrillp6@icq.com,Female
Sybille,sstickfordp7@irs.gov,Polygender
Kile,kspriggingp8@squarespace.com,Bigender
Turner,teliasenp9@redcross.org,Genderqueer
Lauree,ljonaspa@ucsd.edu,Female
Ritchie,rmcgirrpb@symantec.com,Non-binary
Chrotoem,cjigginspc@businessinsider.com,Bigender
Zonda,zcrecypd@homestead.com,Non-binary
Halie,hlintillpe@jigsy.com,Genderqueer
Kissiah,kclearleypf@yellowpages.com,Bigender
Verine,vbriztmanpg@merriam-webster.com,Male
Buck,bdanielskiph@cnbc.com,Non-binary
Elnar,esturneypi@yellowpages.com,Polygender
Darrin,dvancastelepj@moonfruit.com,Agender
Grantham,gmeeganpk@fda.gov,Male
Romain,rbrailsfordpl@skype.com,Bigender
Alena,abelliardpm@oracle.com,Female
Zach,zhearnamanpn@ucsd.edu,Non-binary
Stevana,smaunsellpo@google.com.hk,Non-binary
Garnet,gcaronpp@geocities.jp,Female
Lucky,lmcsporonpq@berkeley.edu,Polygender
Basilius,bgorbellpr@globo.com,Female
Homerus,hruddlesdenps@wufoo.com,Female
Toby,tyarrellpt@phpbb.com,Polygender
Pepillo,pbonnettpu@paginegialle.it,Polygender
Zena,zeadingtonpv@ning.com,Female
Tamarra,triseboroughpw@google.nl,Bigender
Greer,gsebrightpx@omniture.com,Female
Blinnie,byeldhampy@biblegateway.com,Agender
Nariko,nsimcoxpz@google.ru,Polygender
Risa,rgrassiq0@psu.edu,Genderqueer
Elonore,efinnimoreq1@comsenz.com,Agender
Wandie,wleaknerq2@china.com.cn,Agender
Gallard,gtremeerq3@goodreads.com,Female
Elset,esecombeq4@pcworld.com,Bigender
Jilli,jbartosekq5@paginegialle.it,Male
Erik,eshieldsq6@desdev.cn,Genderqueer
Elfrida,emccutheonq7@devhub.com,Genderfluid
Wendi,wmartinsonq8@noaa.gov,Genderqueer
Sharon,scawtheryq9@opera.com,Non-binary
Gardiner,gsheildsqa@t-online.de,Male
Marietta,mbotgerqb@kickstarter.com,Bigender
Jaquelin,jbissettqc@stumbleupon.com,Polygender
Corilla,cmumbyqd@oaic.gov.au,Polygender
Haywood,hsollittqe@mail.ru,Genderfluid
Les,lbaggelleyqf@gnu.org,Agender
Kelsi,kloffelqg@mail.ru,Non-binary
Nonah,nvanderspohrqh@posterous.com,Female
Gladi,gdelanyqi@unesco.org,Bigender
Myrna,mmarfieldqj@dailymotion.com,Genderqueer
Marcelia,mcousenqk@ucoz.com,Bigender
Augie,acroptonql@cmu.edu,Agender
Silvanus,ssouterqm@addthis.com,Agender
Murdock,mclemittqn@washingtonpost.com,Genderfluid
Cory,cruddleqo@wikimedia.org,Polygender
Giff,gandrettiqp@tamu.edu,Agender
Novelia,nfouldsqq@storify.com,Non-binary
Amelita,avasyunkinqr@ox.ac.uk,Genderfluid
Irina,isaundercockqs@kickstarter.com,Male
Gussie,gdelagnesqt@economist.com,Non-binary
Jedediah,jbardequ@goodreads.com,Agender
Elysha,egudemanqv@csmonitor.com,Genderfluid
Merci,mlawmanqw@nyu.edu,Female
Jacob,jyedyqx@china.com.cn,Bigender
Fonzie,frilingsqy@newsvine.com,Genderfluid
Dusty,dflatteqz@constantcontact.com,Non-binary
Ailis,athorndaler0@bloglovin.com,Non-binary
Kariotta,kstorrockr1@yelp.com,Male
Jared,jlougheidr2@google.de,Male
Nicky,ndysonr3@hibu.com,Bigender
Codie,cdalliwaterr4@guardian.co.uk,Genderfluid
Gisela,ggerrietzr5@skyrock.com,Genderqueer
Emera,ealboner6@skype.com,Male
Harriot,hdeliar7@senate.gov,Agender
Allsun,amackellerr8@noaa.gov,Genderqueer
Corrine,czwickerr9@imdb.com,Genderfluid
Angelica,awiggansra@soup.io,Female
Toma,tkennettrb@si.edu,Male
Joe,jspowardrc@patch.com,Agender
Dorrie,dambroserd@globo.com,Male
Emmaline,emottinellire@ebay.com,Polygender
Mable,mchattrf@biblegateway.com,Bigender
Liana,lconnechyrg@canalblog.com,Female
Andrei,ainnmanrh@elegantthemes.com,Agender
Augie,abruri@xrea.com,Genderfluid
Reinold,rwheelhouserj@freewebs.com,Genderfluid
Zack,zbroganrk@upenn.edu,Female
Had,hboltwoodrl@mac.com,Genderqueer
Kimbell,kblagbroughrm@mozilla.com,Female
Charmion,cfranzottorn@indiegogo.com,Genderqueer
Alley,amacandrewro@blogspot.com,Female
Fania,fshaperorp@ucoz.ru,Polygender
Eartha,egierrq@usatoday.com,Male
Lil,lormstonrr@ftc.gov,Genderfluid
